{
  "First Round": {
    "bin_center": [
      0.0,
      1.0,
      2.0,
      3.0,
      4.0,
      5.0,
      6.0,
      7.0,
      8.0,
      9.0,
      10.0,
      11.0,
      12.0,
      13.0,
      14.0,
      15.0,
      16.0,
      17.0,
      18.0,
      19.0,
      20.0,
      21.0,
      22.0,
      23.0,
      24.0,
      25.0,
      26.0,
      27.0,
      28.0,
      29.0,
      30.0,
      31.0,
      32.0
    ],
    "bin_start": [
      -0.5,
      0.5,
      1.5,
      2.5,
      3.5,
      4.5,
      5.5,
      6.5,
      7.5,
      8.5,
      9.5,
      10.5,
      11.5,
      12.5,
      13.5,
      14.5,
      15.5,
      16.5,
      17.5,
      18.5,
      19.5,
      20.5,
      21.5,
      22.5,
      23.5,
      24.5,
      25.5,
      26.5,
      27.5,
      28.5,
      29.5,
      30.5,
      31.5
    ],
    "bin_end": [
      0.5,
      1.5,
      2.5,
      3.5,
      4.5,
      5.5,
      6.5,
      7.5,
      8.5,
      9.5,
      10.5,
      11.5,
      12.5,
      13.5,
      14.5,
      15.5,
      16.5,
      17.5,
      18.5,
      19.5,
      20.5,
      21.5,
      22.5,
      23.5,
      24.5,
      25.5,
      26.5,
      27.5,
      28.5,
      29.5,
      30.5,
      31.5,
      32.5
    ],
    "winners_density": [
      0.005,
      0.01,
      0.01,
      0.02,
      0.045,
      0.075,
      0.115,
      0.14,
      0.14,
      0.145,
      0.11,
      0.05,
      0.05,
      0.025,
      0.02,
      0.02,
      0.015,
      0.005,
      0.0,
      0.0,
      0.0,
      0.0,
      0.0,
      0.0,
      0.0,
      0.0,
      0.0,
      0.0,
      0.0,
      0.0,
      0.0,
      0.0,
      0.0
    ],
    "non_winners_density": [
      0.004494949494949495,
      0.007171717171717172,
      0.016212121212121212,
      0.02419191919191919,
      0.03535353535353535,
      0.048434343434343434,
      0.06904040404040404,
      0.08611111111111111,
      0.10202020202020202,
      0.11151515151515151,
      0.10914141414141414,
      0.10181818181818182,
      0.09136363636363637,
      0.07090909090909091,
      0.047525252525252526,
      0.03222222222222222,
      0.020151515151515153,
      0.011464646464646464,
      0.005757575757575757,
      0.002575757575757576,
      0.0018686868686868688,
      0.000505050505050505,
      0.00010101010101010101,
      5.0505050505050505e-05,
      0.0,
      0.0,
      0.0,
      0.0,
      0.0,
      0.0,
      0.0,
      0.0,
      0.0
    ],
    "winners_count": [
      1,
      2,
      2,
      4,
      9,
      15,
      23,
      28,
      28,
      29,
      22,
      10,
      10,
      5,
      4,
      4,
      3,
      1,
      0,
      0,
      0,
      0,
      0,
      0,
      0,
      0,
      0,
      0,
      0,
      0,
      0,
      0,
      0
    ],
    "non_winners_count": [
      89,
      142,
      321,
      479,
      700,
      959,
      1367,
      1705,
      2020,
      2208,
      2161,
      2016,
      1809,
      1404,
      941,
      638,
      399,
      227,
      114,
      51,
      37,
      10,
      2,
      1,
      0,
      0,
      0,
      0,
      0,
      0,
      0,
      0,
      0
    ],
    "winners_mean": 8.22,
    "non_winners_mean": 9.432121212121212
  },
  "Second Round": {
    "bin_center": [
      0.0,
      1.0,
      2.0,
      3.0,
      4.0,
      5.0,
      6.0,
      7.0,
      8.0,
      9.0,
      10.0,
      11.0,
      12.0,
      13.0,
      14.0,
      15.0,
      16.0
    ],
    "bin_start": [
      -0.5,
      0.5,
      1.5,
      2.5,
      3.5,
      4.5,
      5.5,
      6.5,
      7.5,
      8.5,
      9.5,
      10.5,
      11.5,
      12.5,
      13.5,
      14.5,
      15.5
    ],
    "bin_end": [
      0.5,
      1.5,
      2.5,
      3.5,
      4.5,
      5.5,
      6.5,
      7.5,
      8.5,
      9.5,
      10.5,
      11.5,
      12.5,
      13.5,
      14.5,
      15.5,
      16.5
    ],
    "winners_density": [
      0.005,
      0.005,
      0.05,
      0.105,
      0.17,
      0.155,
      0.17,
      0.155,
      0.075,
      0.075,
      0.015,
      0.01,
      0.01,
      0.0,
      0.0,
      0.0,
      0.0
    ],
    "non_winners_density": [
      0.007676767676767677,
      0.016666666666666666,
      0.03691919191919192,
      0.06207070707070707,
      0.09560606060606061,
      0.12868686868686868,
      0.14075757575757575,
      0.1432828282828283,
      0.13055555555555556,
      0.09318181818181819,
      0.06828282828282828,
      0.042676767676767674,
      0.021161616161616163,
      0.008838383838383838,
      0.003181818181818182,
      0.00035353535353535354,
      0.00010101010101010101
    ],
    "winners_count": [
      1,
      1,
      10,
      21,
      34,
      31,
      34,
      31,
      15,
      15,
      3,
      2,
      2,
      0,
      0,
      0,
      0
    ],
    "non_winners_count": [
      152,
      330,
      731,
      1229,
      1893,
      2548,
      2787,
      2837,
      2585,
      1845,
      1352,
      845,
      419,
      175,
      63,
      7,
      2
    ],
    "winners_mean": 5.635,
    "non_winners_mean": 6.6057575757575755
  },
  "Sweet 16": {
    "bin_center": [
      0.0,
      1.0,
      2.0,
      3.0,
      4.0,
      5.0,
      6.0,
      7.0,
      8.0
    ],
    "bin_start": [
      -0.5,
      0.5,
      1.5,
      2.5,
      3.5,
      4.5,
      5.5,
      6.5,
      7.5
    ],
    "bin_end": [
      0.5,
      1.5,
      2.5,
      3.5,
      4.5,
      5.5,
      6.5,
      7.5,
      8.5
    ],
    "winners_density": [
      0.045,
      0.095,
      0.195,
      0.255,
      0.22,
      0.135,
      0.05,
      0.005,
      0.0
    ],
    "non_winners_density": [
      0.028535353535353535,
      0.08414141414141414,
      0.15696969696969698,
      0.20484848484848484,
      0.2055050505050505,
      0.15434343434343434,
      0.10308080808080808,
      0.04939393939393939,
      0.013181818181818182
    ],
    "winners_count": [
      9,
      19,
      39,
      51,
      44,
      27,
      10,
      1,
      0
    ],
    "non_winners_count": [
      565,
      1666,
      3108,
      4056,
      4069,
      3056,
      2041,
      978,
      261
    ],
    "winners_mean": 3.14,
    "non_winners_mean": 3.6760606060606063
  },
  "Elite 8": {
    "bin_center": [
      0.0,
      1.0,
      2.0,
      3.0,
      4.0
    ],
    "bin_start": [
      -0.5,
      0.5,
      1.5,
      2.5,
      3.5
    ],
    "bin_end": [
      0.5,
      1.5,
      2.5,
      3.5,
      4.5
    ],
    "winners_density": [
      0.04,
      0.23,
      0.335,
      0.295,
      0.1
    ],
    "non_winners_density": [
      0.05196969696969697,
      0.1697979797979798,
      0.3012121212121212,
      0.31146464646464644,
      0.16555555555555557
    ],
    "winners_count": [
      8,
      46,
      67,
      59,
      20
    ],
    "non_winners_count": [
      1029,
      3362,
      5964,
      6167,
      3278
    ],
    "winners_mean": 2.185,
    "non_winners_mean": 2.368838383838384
  },
  "Total Upsets": {
    "bin_center": [
      0.0,
      1.0,
      2.0,
      3.0,
      4.0,
      5.0,
      6.0,
      7.0,
      8.0,
      9.0,
      10.0,
      11.0,
      12.0,
      13.0,
      14.0,
      15.0,
      16.0,
      17.0,
      18.0,
      19.0,
      20.0,
      21.0,
      22.0,
      23.0,
      24.0,
      25.0,
      26.0,
      27.0,
      28.0,
      29.0,
      30.0,
      31.0,
      32.0,
      33.0,
      34.0,
      35.0,
      36.0,
      37.0,
      38.0,
      39.0,
      40.0,
      41.0,
      42.0,
      43.0,
      44.0,
      45.0,
      46.0,
      47.0,
      48.0,
      49.0,
      50.0,
      51.0,
      52.0
    ],