{
  "First Round": {
    "bin_center": [
      0.0,
      1.0,
      2.0,
      3.0,
      4.0,
      5.0,
      6.0,
      7.0,
      8.0,
      9.0,
      10.0,
      11.0,
      12.0,
      13.0,
      14.0,
      15.0,
      16.0,
      17.0,
      18.0,
      19.0,
      20.0,
      21.0,
      22.0,
      23.0,
      24.0,
      25.0,
      26.0,
      27.0,
      28.0,
      29.0,
      30.0,
      31.0,
      32.0
    ],
    "bin_start": [
      -0.5,
      0.5,
      1.5,
      2.5,
      3.5,
      4.5,
      5.5,
      6.5,
      7.5,
      8.5,
      9.5,
      10.5,
      11.5,
      12.5,
      13.5,
      14.5,
      15.5,
      16.5,
      17.5,
      18.5,
      19.5,
      20.5,
      21.5,
      22.5,
      23.5,
      24.5,
      25.5,
      26.5,
      27.5,
      28.5,
      29.5,
      30.5,
      31.5
    ],
    "bin_end": [
      0.5,
      1.5,
      2.5,
      3.5,
      4.5,
      5.5,
      6.5,
      7.5,
      8.5,
      9.5,
      10.5,
      11.5,
      12.5,
      13.5,
      14.5,
      15.5,
      16.5,
      17.5,
      18.5,
      19.5,
      20.5,
      21.5,
      22.5,
      23.5,
      24.5,
      25.5,
      26.5,
      27.5,
      28.5,
      29.5,
      30.5,
      31.5,
      32.5
    ],
    "winners_density": [
      0.0,
      0.0,
      0.0,
      0.0,
      0.0,
      0.0,
      0.0,
      0.0,
      0.0,
      0.1,
      0.1,
      0.1,
      0.1,
      0.3,
      0.2,
      0.0,
      0.1,
      0.0,
      0.0,
      0.0,
      0.0,
      0.0,
      0.0,
      0.0,
      0.0,
      0.0,
      0.0,
      0.0,
      0.0,
      0.0,
      0.0,
      0.0,
      0.0
    ],
    "non_winners_density": [
      0.0,
      0.00404040404040404,
      0.006060606060606061,
      0.010101010101010102,
      0.00909090909090909,
      0.02727272727272727,
      0.024242424242424242,
      0.03939393939393939,
      0.05353535353535353,
      0.08484848484848485,
      0.08282828282828283,
      0.10303030303030303,
      0.10909090909090909,
      0.12727272727272726,
      0.10707070707070707,
      0.08787878787878788,
      0.051515151515151514,
      0.03939393939393939,
      0.01616161616161616,
      0.012121212121212121,
      0.00404040404040404,
      0.00101010101010101,
      0.0,
      0.0,
      0.0,
      0.0,
      0.0,
      0.0,
      0.0,
      0.0,
      0.0,
      0.0,
      0.0
    ],
    "winners_count": [
      0,
      0,
      0,
      0,
      0,
      0,
      0,
      0,
      0,
      1,
      1,
      1,
      1,
      3,
      2,
      0,
      1,
      0,
      0,
      0,
      0,
      0,
      0,
      0,
      0,
      0,
      0,
      0,
      0,
      0,
      0,
      0,
      0
    ],
    "non_winners_count": [
      0,
      4,
      6,
      10,
      9,
      27,
      24,
      39,
      53,
      84,
      82,
      102,
      108,
      126,
      106,
      87,
      51,
      39,
      16,
      12,
      4,
      1,
      0,
      0,
      0,
      0,
      0,
      0,
      0,
      0,
      0,
      0,
      0
    ],
    "winners_mean": 12.5,
    "non_winners_mean": 11.691919191919192
  },
  "Second Round": {
    "bin_center": [
      0.0,
      1.0,
      2.0,
      3.0,
      4.0,
      5.0,
      6.0,
      7.0,
      8.0,
      9.0,
      10.0,
      11.0,
      12.0,
      13.0,
      14.0,
      15.0,
      16.0
    ],
    "bin_start": [
      -0.5,
      0.5,
      1.5,
      2.5,
      3.5,
      4.5,
      5.5,
      6.5,
      7.5,
      8.5,
      9.5,
      10.5,
      11.5,
      12.5,
      13.5,
      14.5,
      15.5
    ],
    "bin_end": [
      0.5,
      1.5,
      2.5,
      3.5,
      4.5,
      5.5,
      6.5,
      7.5,
      8.5,
      9.5,
      10.5,
      11.5,
      12.5,
      13.5,
      14.5,
      15.5,
      16.5
    ],
    "winners_density": [
      0.0,
      0.0,
      0.0,
      0.0,
      0.0,
      0.0,
      0.0,
      0.0,
      0.0,
      0.0,
      0.3,
      0.2,
      0.3,
      0.2,
      0.0,
      0.0,
      0.0
    ],
    "non_winners_density": [
      0.00101010101010101,
      0.005050505050505051,
      0.00202020202020202,
      0.010101010101010102,
      0.022222222222222223,
      0.028282828282828285,
      0.03636363636363636,
      0.06060606060606061,
      0.10505050505050505,
      0.1595959595959596,
      0.1898989898989899,
      0.1484848484848485,
      0.13131313131313133,
      0.06868686868686869,
      0.028282828282828285,
      0.00202020202020202,
      0.00101010101010101
    ],
    "winners_count": [
      0,
      0,
      0,
      0,
      0,
      0,
      0,
      0,
      0,
      0,
      3,
      2,
      3,
      2,
      0,
      0,
      0
    ],
    "non_winners_count": [
      1,
      5,
      2,
      10,
      22,
      28,
      36,
      60,
      104,
      158,
      188,
      147,
      130,
      68,
      28,
      2,
      1
    ],
    "winners_mean": 11.4,
    "non_winners_mean": 9.632323232323232
  },
  "Sweet 16": {
    "bin_center": [
      0.0,
      1.0,
      2.0,
      3.0,
      4.0,
      5.0,
      6.0,
      7.0,
      8.0
    ],
    "bin_start": [
      -0.5,
      0.5,
      1.5,
      2.5,
      3.5,
      4.5,
      5.5,
      6.5,
      7.5
    ],
    "bin_end": [
      0.5,
      1.5,
      2.5,
      3.5,
      4.5,
      5.5,
      6.5,
      7.5,
      8.5
    ],
    "winners_density": [
      0.0,
      0.0,
      0.0,
      0.0,
      0.0,
      0.0,
      0.6,
      0.3,
      0.1
    ],
    "non_winners_density": [
      0.0030303030303030303,
      0.00808080808080808,
      0.021212121212121213,
      0.044444444444444446,
      0.12828282828282828,
      0.24545454545454545,
      0.28888888888888886,
      0.19292929292929292,
      0.06767676767676768
    ],
    "winners_count": [
      0,
      0,
      0,
      0,
      0,
      0,
      6,
      3,
      1
    ],
    "non_winners_count": [
      3,
      8,
      21,
      44,
      127,
      243,
      286,
      191,
      67
    ],
    "winners_mean": 6.5,
    "non_winners_mean": 5.5494949494949495
  },
  "Elite 8": {
    "bin_center": [
      0.0,
      1.0,
      2.0,
      3.0,
      4.0
    ],
    "bin_start": [
      -0.5,
      0.5,
      1.5,
      2.5,
      3.5
    ],
    "bin_end": [
      0.5,
      1.5,
      2.5,
      3.5,
      4.5
    ],
    "winners_density": [
      0.0,
      0.0,
      0.0,
      0.2,
      0.8
    ],
    "non_winners_density": [
      0.005050505050505051,
      0.010101010101010102,
      0.047474747474747475,
      0.3797979797979798,
      0.5575757575757576
    ],
    "winners_count": [
      0,
      0,
      0,
      2,
      8
    ],
    "non_winners_count": [
      5,
      10,
      47,
      376,
      552
    ],
    "winners_mean": 3.8,
    "non_winners_mean": 3.474747474747475
  },
  "Total Upsets": {
    "bin_center": [
      2.0,
      3.0,
      4.0,
      5.0,
      6.0,
      7.0,
      8.0,
      9.0,
      10.0,
      11.0,
      12.0,
      13.0,
      14.0,
      15.0,
      16.0,
      17.0,
      18.0,
      19.0,
      20.0,
      21.0,
      22.0,
      23.0,
      24.0,
      25.0,
      26.0,
      27.0,
      28.0,
      29.0,
      30.0,
      31.0,
      32.0,
      33.0,
      34.0,
      35.0,
      36.0,
      37.0,
      38.0,
      39.0,
      40.0,
      41.0,
      42.0,
      43.0,
      44.0,
      45.0,
      46.0,
      47.0,
      48.0
    ],