round,winning_avg_log_prob,non_winning_avg_log_prob,difference,p_value,significant,effect_size,effect_magnitude
First Round,15.669248837552242,18.44981738046001,-2.780568542907769,0.059234582649479665,False,-0.6987044953817225,Medium
Second Round,9.330731018307684,10.017178108925211,-0.6864470906175271,0.43003939714393535,False,-0.27423440121387266,Small
Sweet 16,4.634378019183574,4.832102471953674,-0.19772445277010053,0.6874654259921251,False,-0.14575993188818753,Negligible
Elite 8,1.981503330332592,2.5083860795912365,-0.5268827492586445,0.23750847034960962,False,-0.4365222400193436,Small
Final Four,0.9169017993399091,1.2743441060147678,-0.35744230667485866,0.17228537176541237,False,-0.546128713024409,Medium
Championship,0.5529080249417943,0.6413921663904713,-0.088484141448677,0.5922365625131474,False,-0.18294399912894208,Negligible
Overall,33.08567102965779,37.72322031333537,-4.637549283677579,0.03757326099891025,True,-0.8620640177410187,Large
