round,max_advantage_upsets,max_advantage,max_density_upsets,mode_upsets,mean_upsets
First Round,7.0,0.0538888888888889,9.0,9,8.22
Second Round,4.0,0.0743939393939394,4.0,4,5.635
Sweet 16,3.0,0.05015151515151517,3.0,3,3.14
Elite 8,1.0,0.0602020202020202,2.0,2,2.185
Total Upsets,18.0,0.04464646464646465,18.0,18,20.435
