{
  "First Round": {
    "bin_center": [
      0.0,
      1.0,
      2.0,
      3.0,
      4.0,
      5.0,
      6.0,
      7.0,
      8.0,
      9.0,
      10.0,
      11.0,
      12.0,
      13.0,
      14.0,
      15.0,
      16.0,
      17.0,
      18.0,
      19.0,
      20.0,
      21.0,
      22.0,
      23.0,
      24.0,
      25.0,
      26.0,
      27.0,
      28.0,
      29.0,
      30.0,
      31.0,
      32.0
    ],
    "bin_start": [
      -0.5,
      0.5,
      1.5,
      2.5,
      3.5,
      4.5,
      5.5,
      6.5,
      7.5,
      8.5,
      9.5,
      10.5,
      11.5,
      12.5,
      13.5,
      14.5,
      15.5,
      16.5,
      17.5,
      18.5,
      19.5,
      20.5,
      21.5,
      22.5,
      23.5,
      24.5,
      25.5,
      26.5,
      27.5,
      28.5,
      29.5,
      30.5,
      31.5
    ],
    "bin_end": [
      0.5,
      1.5,
      2.5,
      3.5,
      4.5,
      5.5,
      6.5,
      7.5,
      8.5,
      9.5,
      10.5,
      11.5,
      12.5,
      13.5,
      14.5,
      15.5,
      16.5,
      17.5,
      18.5,
      19.5,
      20.5,
      21.5,
      22.5,
      23.5,
      24.5,
      25.5,
      26.5,
      27.5,
      28.5,
      29.5,
      30.5,
      31.5,
      32.5
    ],
    "winners_density": [
      0.03,
      0.08,
      0.165,
      0.135,
      0.1,
      0.095,
      0.12,
      0.05,
      0.08,
      0.035,
      0.05,
      0.035,
      0.015,
      0.01,
      0.0,
      0.0,
      0.0,
      0.0,
      0.0,
      0.0,
      0.0,
      0.0,
      0.0,
      0.0,
      0.0,
      0.0,
      0.0,
      0.0,
      0.0,
      0.0,
      0.0,
      0.0,
      0.0
    ],
    "non_winners_density": [
      0.005625,
      0.009791666666666667,
      0.016041666666666666,
      0.025,
      0.029166666666666667,
      0.04770833333333333,
      0.06604166666666667,
      0.09,
      0.09520833333333334,
      0.10770833333333334,
      0.105625,
      0.108125,
      0.08395833333333333,
      0.07083333333333333,
      0.04791666666666667,
      0.03833333333333333,
      0.025416666666666667,
      0.013125,
      0.008125,
      0.0033333333333333335,
      0.0014583333333333334,
      0.000625,
      0.000625,
      0.0,
      0.00020833333333333335,
      0.0,
      0.0,
      0.0,
      0.0,
      0.0,
      0.0,
      0.0,
      0.0
    ],
    "winners_count": [
      6,
      16,
      33,
      27,
      20,
      19,
      24,
      10,
      16,
      7,
      10,
      7,
      3,
      2,
      0,
      0,
      0,
      0,
      0,
      0,
      0,
      0,
      0,
      0,
      0,
      0,
      0,
      0,
      0,
      0,
      0,
      0,
      0
    ],
    "non_winners_count": [
      27,
      47,
      77,
      120,
      140,
      229,
      317,
      432,
      457,
      517,
      507,
      519,
      403,
      340,
      230,
      184,
      122,
      63,
      39,
      16,
      7,
      3,
      3,
      0,
      1,
      0,
      0,
      0,
      0,
      0,
      0,
      0,
      0
    ],
    "winners_mean": 4.91,
    "non_winners_mean": 9.549583333333333
  },
  "Second Round": {
    "bin_center": [
      0.0,
      1.0,
      2.0,
      3.0,
      4.0,
      5.0,
      6.0,
      7.0,
      8.0,
      9.0,
      10.0,
      11.0,
      12.0,
      13.0,
      14.0,
      15.0,
      16.0
    ],
    "bin_start": [
      -0.5,
      0.5,
      1.5,
      2.5,
      3.5,
      4.5,
      5.5,
      6.5,
      7.5,
      8.5,
      9.5,
      10.5,
      11.5,
      12.5,
      13.5,
      14.5,
      15.5
    ],
    "bin_end": [
      0.5,
      1.5,
      2.5,
      3.5,
      4.5,
      5.5,
      6.5,
      7.5,
      8.5,
      9.5,
      10.5,
      11.5,
      12.5,
      13.5,
      14.5,
      15.5,
      16.5
    ],
    "winners_density": [
      0.055,
      0.17,
      0.155,
      0.12,
      0.16,
      0.135,
      0.085,
      0.075,
      0.035,
      0.01,
      0.0,
      0.0,
      0.0,
      0.0,
      0.0,
      0.0,
      0.0
    ],
    "non_winners_density": [
      0.008541666666666666,
      0.01875,
      0.03,
      0.060833333333333336,
      0.088125,
      0.12333333333333334,
      0.13625,
      0.14041666666666666,
      0.13479166666666667,
      0.09791666666666667,
      0.06833333333333333,
      0.043333333333333335,
      0.027083333333333334,
      0.015416666666666667,
      0.005208333333333333,
      0.00125,
      0.0004166666666666667
    ],
    "winners_count": [
      11,
      34,
      31,
      24,
      32,
      27,
      17,
      15,
      7,
      2,
      0,
      0,
      0,
      0,
      0,
      0,
      0
    ],
    "non_winners_count": [
      41,
      90,
      144,
      292,
      423,
      592,
      654,
      674,
      647,
      470,
      328,
      208,
      130,
      74,
      25,
      6,
      2
    ],
    "winners_mean": 3.56,
    "non_winners_mean": 6.774166666666667
  },
  "Sweet 16": {
    "bin_center": [
      0.0,
      1.0,
      2.0,
      3.0,
      4.0,
      5.0,
      6.0,
      7.0,
      8.0
    ],
    "bin_start": [
      -0.5,
      0.5,
      1.5,
      2.5,
      3.5,
      4.5,
      5.5,
      6.5,
      7.5
    ],
    "bin_end": [
      0.5,
      1.5,
      2.5,
      3.5,
      4.5,
      5.5,
      6.5,
      7.5,
      8.5
    ],
    "winners_density": [
      0.195,
      0.285,
      0.185,
      0.165,
      0.13,
      0.035,
      0.005,
      0.0,
      0.0
    ],
    "non_winners_density": [
      0.03333333333333333,
      0.08458333333333333,
      0.1525,
      0.19041666666666668,
      0.19791666666666666,
      0.165,
      0.10291666666666667,
      0.056875,
      0.016458333333333332
    ],
    "winners_count": [
      39,
      57,
      37,
      33,
      26,
      7,
      1,
      0,
      0
    ],
    "non_winners_count": [
      160,
      406,
      732,
      914,
      950,
      792,
      494,
      273,
      79
    ],
    "winners_mean": 1.875,
    "non_winners_mean": 3.7247916666666665
  },
  "Elite 8": {
    "bin_center": [
      0.0,
      1.0,
      2.0,
      3.0,
      4.0
    ],
    "bin_start": [
      -0.5,
      0.5,
      1.5,
      2.5,
      3.5
    ],
    "bin_end": [
      0.5,
      1.5,
      2.5,
      3.5,
      4.5
    ],
    "winners_density": [
      0.235,
      0.345,
      0.265,
      0.125,
      0.03
    ],
    "non_winners_density": [
      0.049791666666666665,
      0.17166666666666666,
      0.29333333333333333,
      0.31333333333333335,
      0.171875
    ],
    "winners_count": [
      47,
      69,
      53,
      25,
      6
    ],
    "non_winners_count": [
      239,
      824,
      1408,
      1504,
      825
    ],
    "winners_mean": 1.37,
    "non_winners_mean": 2.3858333333333333
  },
  "Total Upsets": {
    "bin_center": [
      0.0,
      1.0,
      2.0,
      3.0,
      4.0,
      5.0,
      6.0,
      7.0,
      8.0,
      9.0,
      10.0,
      11.0,
      12.0,
      13.0,
      14.0,
      15.0,
      16.0,
      17.0,
      18.0,
      19.0,
      20.0,
      21.0,
      22.0,
      23.0,
      24.0,
      25.0,
      26.0,
      27.0,
      28.0,
      29.0,
      30.0,
      31.0,
      32.0,
      33.0,
      34.0,
      35.0,
      36.0,
      37.0,
      38.0,
      39.0,
      40.0,
      41.0,
      42.0,
      43.0,
      44.0,
      45.0,
      46.0,
      47.0,
      48.0,
      49.0,
      50.0,
      51.0,
      52.0,
      53.0,
      54.0
    ],