{
  "First Round": {
    "bin_center": [
      0.0,
      1.0,
      2.0,
      3.0,
      4.0,
      5.0,
      6.0,
      7.0,
      8.0,
      9.0,
      10.0,
      11.0,
      12.0,
      13.0,
      14.0,
      15.0,
      16.0,
      17.0,
      18.0,
      19.0,
      20.0,
      21.0,
      22.0,
      23.0,
      24.0,
      25.0,
      26.0,
      27.0,
      28.0,
      29.0,
      30.0,
      31.0,
      32.0
    ],
    "bin_start": [
      -0.5,
      0.5,
      1.5,
      2.5,
      3.5,
      4.5,
      5.5,
      6.5,
      7.5,
      8.5,
      9.5,
      10.5,
      11.5,
      12.5,
      13.5,
      14.5,
      15.5,
      16.5,
      17.5,
      18.5,
      19.5,
      20.5,
      21.5,
      22.5,
      23.5,
      24.5,
      25.5,
      26.5,
      27.5,
      28.5,
      29.5,
      30.5,
      31.5
    ],
    "bin_end": [
      0.5,
      1.5,
      2.5,
      3.5,
      4.5,
      5.5,
      6.5,
      7.5,
      8.5,
      9.5,
      10.5,
      11.5,
      12.5,
      13.5,
      14.5,
      15.5,
      16.5,
      17.5,
      18.5,
      19.5,
      20.5,
      21.5,
      22.5,
      23.5,
      24.5,
      25.5,
      26.5,
      27.5,
      28.5,
      29.5,
      30.5,
      31.5,
      32.5
    ],
    "winners_density": [
      0.045,
      0.08,
      0.1,
      0.12,
      0.105,
      0.12,
      0.105,
      0.075,
      0.095,
      0.055,
      0.05,
      0.025,
      0.015,
      0.01,
      0.0,
      0.0,
      0.0,
      0.0,
      0.0,
      0.0,
      0.0,
      0.0,
      0.0,
      0.0,
      0.0,
      0.0,
      0.0,
      0.0,
      0.0,
      0.0,
      0.0,
      0.0,
      0.0
    ],
    "non_winners_density": [
      0.006458333333333333,
      0.01125,
      0.018958333333333334,
      0.020416666666666666,
      0.028958333333333332,
      0.044583333333333336,
      0.06166666666666667,
      0.07416666666666667,
      0.09770833333333333,
      0.10916666666666666,
      0.10458333333333333,
      0.10958333333333334,
      0.09270833333333334,
      0.08041666666666666,
      0.04895833333333333,
      0.03875,
      0.025416666666666667,
      0.0125,
      0.006875,
      0.00375,
      0.0025,
      0.0004166666666666667,
      0.0,
      0.00020833333333333335,
      0.0,
      0.0,
      0.0,
      0.0,
      0.0,
      0.0,
      0.0,
      0.0,
      0.0
    ],
    "winners_count": [
      9,
      16,
      20,
      24,
      21,
      24,
      21,
      15,
      19,
      11,
      10,
      5,
      3,
      2,
      0,
      0,
      0,
      0,
      0,
      0,
      0,
      0,
      0,
      0,
      0,
      0,
      0,
      0,
      0,
      0,
      0,
      0,
      0
    ],
    "non_winners_count": [
      31,
      54,
      91,
      98,
      139,
      214,
      296,
      356,
      469,
      524,
      502,
      526,
      445,
      386,
      235,
      186,
      122,
      60,
      33,
      18,
      12,
      2,
      0,
      1,
      0,
      0,
      0,
      0,
      0,
      0,
      0,
      0,
      0
    ],
    "winners_mean": 5.155,
    "non_winners_mean": 9.656041666666667
  },
  "Second Round": {
    "bin_center": [
      0.0,
      1.0,
      2.0,
      3.0,
      4.0,
      5.0,
      6.0,
      7.0,
      8.0,
      9.0,
      10.0,
      11.0,
      12.0,
      13.0,
      14.0,
      15.0,
      16.0
    ],
    "bin_start": [
      -0.5,
      0.5,
      1.5,
      2.5,
      3.5,
      4.5,
      5.5,
      6.5,
      7.5,
      8.5,
      9.5,
      10.5,
      11.5,
      12.5,
      13.5,
      14.5,
      15.5
    ],
    "bin_end": [
      0.5,
      1.5,
      2.5,
      3.5,
      4.5,
      5.5,
      6.5,
      7.5,
      8.5,
      9.5,
      10.5,
      11.5,
      12.5,
      13.5,
      14.5,
      15.5,
      16.5
    ],
    "winners_density": [
      0.03,
      0.12,
      0.175,
      0.12,
      0.145,
      0.12,
      0.145,
      0.08,
      0.03,
      0.03,
      0.005,
      0.0,
      0.0,
      0.0,
      0.0,
      0.0,
      0.0
    ],
    "non_winners_density": [
      0.00625,
      0.0175,
      0.023541666666666666,
      0.03729166666666667,
      0.05604166666666666,
      0.095625,
      0.11541666666666667,
      0.14708333333333334,
      0.14708333333333334,
      0.12770833333333334,
      0.10375,
      0.06333333333333334,
      0.03770833333333334,
      0.015208333333333334,
      0.005416666666666667,
      0.000625,
      0.0004166666666666667
    ],
    "winners_count": [
      6,
      24,
      35,
      24,
      29,
      24,
      29,
      16,
      6,
      6,
      1,
      0,
      0,
      0,
      0,
      0,
      0
    ],
    "non_winners_count": [
      30,
      84,
      113,
      179,
      269,
      459,
      554,
      706,
      706,
      613,
      498,
      304,
      181,
      73,
      26,
      3,
      2
    ],
    "winners_mean": 4.0,
    "non_winners_mean": 7.403125
  },
  "Sweet 16": {
    "bin_center": [
      0.0,
      1.0,
      2.0,
      3.0,
      4.0,
      5.0,
      6.0,
      7.0,
      8.0
    ],
    "bin_start": [
      -0.5,
      0.5,
      1.5,
      2.5,
      3.5,
      4.5,
      5.5,
      6.5,
      7.5
    ],
    "bin_end": [
      0.5,
      1.5,
      2.5,
      3.5,
      4.5,
      5.5,
      6.5,
      7.5,
      8.5
    ],
    "winners_density": [
      0.11,
      0.23,
      0.255,
      0.15,
      0.185,
      0.05,
      0.01,
      0.01,
      0.0
    ],
    "non_winners_density": [
      0.02375,
      0.054375,
      0.105625,
      0.170625,
      0.215,
      0.1925,
      0.146875,
      0.06854166666666667,
      0.022708333333333334
    ],
    "winners_count": [
      22,
      46,
      51,
      30,
      37,
      10,
      2,
      2,
      0
    ],
    "non_winners_count": [
      114,
      261,
      507,
      819,
      1032,
      924,
      705,
      329,
      109
    ],
    "winners_mean": 2.31,
    "non_winners_mean": 4.142708333333333
  },
  "Elite 8": {
    "bin_center": [
      0.0,
      1.0,
      2.0,
      3.0,
      4.0
    ],
    "bin_start": [
      -0.5,
      0.5,
      1.5,
      2.5,
      3.5
    ],
    "bin_end": [
      0.5,
      1.5,
      2.5,
      3.5,
      4.5
    ],
    "winners_density": [
      0.15,
      0.295,
      0.29,
      0.18,
      0.085
    ],
    "non_winners_density": [
      0.036458333333333336,
      0.12145833333333333,
      0.27270833333333333,
      0.3414583333333333,
      0.22791666666666666
    ],
    "winners_count": [
      30,
      59,
      58,
      36,
      17
    ],
    "non_winners_count": [
      175,
      583,
      1309,
      1639,
      1094
    ],
    "winners_mean": 1.755,
    "non_winners_mean": 2.6029166666666668
  },
  "Total Upsets": {
    "bin_center": [
      0.0,
      1.0,
      2.0,
      3.0,
      4.0,
      5.0,
      6.0,
      7.0,
      8.0,
      9.0,
      10.0,
      11.0,
      12.0,
      13.0,
      14.0,
      15.0,
      16.0,
      17.0,
      18.0,
      19.0,
      20.0,
      21.0,
      22.0,
      23.0,
      24.0,
      25.0,
      26.0,
      27.0,
      28.0,
      29.0,
      30.0,
      31.0,
      32.0,
      33.0,
      34.0,
      35.0,
      36.0,
      37.0,
      38.0,
      39.0,
      40.0,
      41.0,
      42.0,
      43.0,
      44.0,
      45.0,
      46.0,
      47.0,
      48.0,
      49.0,
      50.0,
      51.0
    ],