round,winning_avg_upsets,non_winning_avg_upsets,difference,p_value,significant,effect_size,effect_magnitude
First Round,5.155,9.656041666666667,-4.501041666666667,1.9331908354097833e-63,True,-1.3256179661519967,Large
Second Round,4.0,7.403125,-3.403125,3.63177648116841e-66,True,-1.3555354377876654,Large
Sweet 16,2.31,4.142708333333333,-1.8327083333333332,2.712799264534709e-45,True,-1.102537517474262,Large
Elite 8,1.755,2.6029166666666668,-0.8479166666666669,2.7766311251189097e-27,True,-0.7566036856091791,Medium
Final Four,0.64,1.14,-0.4999999999999999,2.799065945451554e-20,True,-0.6655681532228453,Medium
Championship,0.22,0.49604166666666666,-0.27604166666666663,1.6674719473789152e-14,True,-0.6012393655814008,Medium
Total,14.08,25.440833333333334,-11.360833333333334,8.658871538363926e-74,True,-1.4038715219577944,Large
