{
  "First Round": {
    "bin_center": [
      0.0,
      1.0,
      2.0,
      3.0,
      4.0,
      5.0,
      6.0,
      7.0,
      8.0,
      9.0,
      10.0,
      11.0,
      12.0,
      13.0,
      14.0,
      15.0,
      16.0,
      17.0,
      18.0,
      19.0,
      20.0,
      21.0,
      22.0,
      23.0,
      24.0,
      25.0,
      26.0,
      27.0,
      28.0,
      29.0,
      30.0,
      31.0,
      32.0
    ],
    "bin_start": [
      -0.5,
      0.5,
      1.5,
      2.5,
      3.5,
      4.5,
      5.5,
      6.5,
      7.5,
      8.5,
      9.5,
      10.5,
      11.5,
      12.5,
      13.5,
      14.5,
      15.5,
      16.5,
      17.5,
      18.5,
      19.5,
      20.5,
      21.5,
      22.5,
      23.5,
      24.5,
      25.5,
      26.5,
      27.5,
      28.5,
      29.5,
      30.5,
      31.5
    ],
    "bin_end": [
      0.5,
      1.5,
      2.5,
      3.5,
      4.5,
      5.5,
      6.5,
      7.5,
      8.5,
      9.5,
      10.5,
      11.5,
      12.5,
      13.5,
      14.5,
      15.5,
      16.5,
      17.5,
      18.5,
      19.5,
      20.5,
      21.5,
      22.5,
      23.5,
      24.5,
      25.5,
      26.5,
      27.5,
      28.5,
      29.5,
      30.5,
      31.5,
      32.5
    ],
    "winners_density": [
      0.13,
      0.305,
      0.21,
      0.21,
      0.07,
      0.035,
      0.025,
      0.01,
      0.005,
      0.0,
      0.0,
      0.0,
      0.0,
      0.0,
      0.0,
      0.0,
      0.0,
      0.0,
      0.0,
      0.0,
      0.0,
      0.0,
      0.0,
      0.0,
      0.0,
      0.0,
      0.0,
      0.0,
      0.0,
      0.0,
      0.0,
      0.0,
      0.0
    ],
    "non_winners_density": [
      0.0005555555555555556,
      0.0033333333333333335,
      0.012777777777777779,
      0.017222222222222222,
      0.024444444444444446,
      0.042777777777777776,
      0.0661111111111111,
      0.08555555555555555,
      0.08555555555555555,
      0.10555555555555556,
      0.10277777777777777,
      0.10833333333333334,
      0.08611111111111111,
      0.07722222222222222,
      0.05444444444444444,
      0.03944444444444444,
      0.03277777777777778,
      0.026111111111111113,
      0.012222222222222223,
      0.0077777777777777776,
      0.005555555555555556,
      0.0016666666666666668,
      0.0011111111111111111,
      0.0005555555555555556,
      0.0,
      0.0,
      0.0,
      0.0,
      0.0,
      0.0,
      0.0,
      0.0,
      0.0
    ],
    "winners_count": [
      26,
      61,
      42,
      42,
      14,
      7,
      5,
      2,
      1,
      0,
      0,
      0,
      0,
      0,
      0,
      0,
      0,
      0,
      0,
      0,
      0,
      0,
      0,
      0,
      0,
      0,
      0,
      0,
      0,
      0,
      0,
      0,
      0
    ],
    "non_winners_count": [
      1,
      6,
      23,
      31,
      44,
      77,
      119,
      154,
      154,
      190,
      185,
      195,
      155,
      139,
      98,
      71,
      59,
      47,
      22,
      14,
      10,
      3,
      2,
      1,
      0,
      0,
      0,
      0,
      0,
      0,
      0,
      0,
      0
    ],
    "winners_mean": 2.07,
    "non_winners_mean": 10.152222222222223
  },
  "Second Round": {
    "bin_center": [
      0.0,
      1.0,
      2.0,
      3.0,
      4.0,
      5.0,
      6.0,
      7.0,
      8.0,
      9.0,
      10.0,
      11.0,
      12.0,
      13.0,
      14.0,
      15.0,
      16.0
    ],
    "bin_start": [
      -0.5,
      0.5,
      1.5,
      2.5,
      3.5,
      4.5,
      5.5,
      6.5,
      7.5,
      8.5,
      9.5,
      10.5,
      11.5,
      12.5,
      13.5,
      14.5,
      15.5
    ],
    "bin_end": [
      0.5,
      1.5,
      2.5,
      3.5,
      4.5,
      5.5,
      6.5,
      7.5,
      8.5,
      9.5,
      10.5,
      11.5,
      12.5,
      13.5,
      14.5,
      15.5,
      16.5
    ],
    "winners_density": [
      0.185,
      0.34,
      0.235,
      0.17,
      0.055,
      0.01,
      0.005,
      0.0,
      0.0,
      0.0,
      0.0,
      0.0,
      0.0,
      0.0,
      0.0,
      0.0,
      0.0
    ],
    "non_winners_density": [
      0.0016666666666666668,
      0.011111111111111112,
      0.02388888888888889,
      0.05333333333333334,
      0.09333333333333334,
      0.11166666666666666,
      0.1338888888888889,
      0.12277777777777778,
      0.14333333333333334,
      0.10222222222222223,
      0.07777777777777778,
      0.057777777777777775,
      0.03666666666666667,
      0.021666666666666667,
      0.007222222222222222,
      0.0016666666666666668,
      0.0
    ],
    "winners_count": [
      37,
      68,
      47,
      34,
      11,
      2,
      1,
      0,
      0,
      0,
      0,
      0,
      0,
      0,
      0,
      0,
      0
    ],
    "non_winners_count": [
      3,
      20,
      43,
      96,
      168,
      201,
      241,
      221,
      258,
      184,
      140,
      104,
      66,
      39,
      13,
      3,
      0
    ],
    "winners_mean": 1.62,
    "non_winners_mean": 7.141111111111111
  },
  "Sweet 16": {
    "bin_center": [
      0.0,
      1.0,
      2.0,
      3.0,
      4.0,
      5.0,
      6.0,
      7.0,
      8.0
    ],
    "bin_start": [
      -0.5,
      0.5,
      1.5,
      2.5,
      3.5,
      4.5,
      5.5,
      6.5,
      7.5
    ],
    "bin_end": [
      0.5,
      1.5,
      2.5,
      3.5,
      4.5,
      5.5,
      6.5,
      7.5,
      8.5
    ],
    "winners_density": [
      0.36,
      0.45,
      0.145,
      0.04,
      0.005,
      0.0,
      0.0,
      0.0,
      0.0
    ],
    "non_winners_density": [
      0.017222222222222222,
      0.06277777777777778,
      0.14,
      0.18333333333333332,
      0.19444444444444445,
      0.1661111111111111,
      0.13111111111111112,
      0.07555555555555556,
      0.029444444444444443
    ],
    "winners_count": [
      72,
      90,
      29,
      8,
      1,
      0,
      0,
      0,
      0
    ],
    "non_winners_count": [
      31,
      113,
      252,
      330,
      350,
      299,
      236,
      136,
      53
    ],
    "winners_mean": 0.88,
    "non_winners_mean": 4.052222222222222
  },
  "Elite 8": {
    "bin_center": [
      0.0,
      1.0,
      2.0,
      3.0,
      4.0
    ],
    "bin_start": [
      -0.5,
      0.5,
      1.5,
      2.5,
      3.5
    ],
    "bin_end": [
      0.5,
      1.5,
      2.5,
      3.5,
      4.5
    ],
    "winners_density": [
      0.535,
      0.33,
      0.12,
      0.015,
      0.0
    ],
    "non_winners_density": [
      0.043333333333333335,
      0.15055555555555555,
      0.29444444444444445,
      0.3138888888888889,
      0.19777777777777777
    ],
    "winners_count": [
      107,
      66,
      24,
      3,
      0
    ],
    "non_winners_count": [
      78,
      271,
      530,
      565,
      356
    ],
    "winners_mean": 0.615,
    "non_winners_mean": 2.4722222222222223
  },
  "Total Upsets": {
    "bin_center": [
      0.0,
      1.0,
      2.0,
      3.0,
      4.0,
      5.0,
      6.0,
      7.0,
      8.0,
      9.0,
      10.0,
      11.0,
      12.0,
      13.0,
      14.0,
      15.0,
      16.0,
      17.0,
      18.0,
      19.0,
      20.0,
      21.0,
      22.0,
      23.0,
      24.0,
      25.0,
      26.0,
      27.0,
      28.0,
      29.0,
      30.0,
      31.0,
      32.0,
      33.0,
      34.0,
      35.0,
      36.0,
      37.0,
      38.0,
      39.0,
      40.0,
      41.0,
      42.0,
      43.0,
      44.0,
      45.0,
      46.0,
      47.0,
      48.0,
      49.0
    ],