{
  "First Round": {
    "bin_center": [
      0.0,
      1.0,
      2.0,
      3.0,
      4.0,
      5.0,
      6.0,
      7.0,
      8.0,
      9.0,
      10.0,
      11.0,
      12.0,
      13.0,
      14.0,
      15.0,
      16.0,
      17.0,
      18.0,
      19.0,
      20.0,
      21.0,
      22.0,
      23.0,
      24.0,
      25.0,
      26.0,
      27.0,
      28.0,
      29.0,
      30.0,
      31.0,
      32.0
    ],
    "bin_start": [
      -0.5,
      0.5,
      1.5,
      2.5,
      3.5,
      4.5,
      5.5,
      6.5,
      7.5,
      8.5,
      9.5,
      10.5,
      11.5,
      12.5,
      13.5,
      14.5,
      15.5,
      16.5,
      17.5,
      18.5,
      19.5,
      20.5,
      21.5,
      22.5,
      23.5,
      24.5,
      25.5,
      26.5,
      27.5,
      28.5,
      29.5,
      30.5,
      31.5
    ],
    "bin_end": [
      0.5,
      1.5,
      2.5,
      3.5,
      4.5,
      5.5,
      6.5,
      7.5,
      8.5,
      9.5,
      10.5,
      11.5,
      12.5,
      13.5,
      14.5,
      15.5,
      16.5,
      17.5,
      18.5,
      19.5,
      20.5,
      21.5,
      22.5,
      23.5,
      24.5,
      25.5,
      26.5,
      27.5,
      28.5,
      29.5,
      30.5,
      31.5,
      32.5
    ],
    "winners_density": [
      0.0,
      0.01,
      0.04,
      0.055,
      0.065,
      0.13,
      0.155,
      0.125,
      0.115,
      0.055,
      0.11,
      0.03,
      0.075,
      0.015,
      0.01,
      0.0,
      0.005,
      0.005,
      0.0,
      0.0,
      0.0,
      0.0,
      0.0,
      0.0,
      0.0,
      0.0,
      0.0,
      0.0,
      0.0,
      0.0,
      0.0,
      0.0,
      0.0
    ],
    "non_winners_density": [
      0.003673469387755102,
      0.00989795918367347,
      0.01479591836734694,
      0.022244897959183673,
      0.03336734693877551,
      0.045408163265306126,
      0.06612244897959184,
      0.08857142857142856,
      0.10071428571428571,
      0.11469387755102041,
      0.10683673469387756,
      0.1036734693877551,
      0.09020408163265306,
      0.07051020408163265,
      0.053061224489795916,
      0.030918367346938775,
      0.02122448979591837,
      0.01173469387755102,
      0.0069387755102040816,
      0.003061224489795918,
      0.0012244897959183673,
      0.0008163265306122449,
      0.00020408163265306123,
      0.00010204081632653062,
      0.0,
      0.0,
      0.0,
      0.0,
      0.0,
      0.0,
      0.0,
      0.0,
      0.0
    ],
    "winners_count": [
      0,
      2,
      8,
      11,
      13,
      26,
      31,
      25,
      23,
      11,
      22,
      6,
      15,
      3,
      2,
      0,
      1,
      1,
      0,
      0,
      0,
      0,
      0,
      0,
      0,
      0,
      0,
      0,
      0,
      0,
      0,
      0,
      0
    ],
    "non_winners_count": [
      36,
      97,
      145,
      218,
      327,
      445,
      648,
      868,
      987,
      1124,
      1047,
      1016,
      884,
      691,
      520,
      303,
      208,
      115,
      68,
      30,
      12,
      8,
      2,
      1,
      0,
      0,
      0,
      0,
      0,
      0,
      0,
      0,
      0
    ],
    "winners_mean": 7.215,
    "non_winners_mean": 9.506530612244898
  },
  "Second Round": {
    "bin_center": [
      0.0,
      1.0,
      2.0,
      3.0,
      4.0,
      5.0,
      6.0,
      7.0,
      8.0,
      9.0,
      10.0,
      11.0,
      12.0,
      13.0,
      14.0,
      15.0,
      16.0
    ],
    "bin_start": [
      -0.5,
      0.5,
      1.5,
      2.5,
      3.5,
      4.5,
      5.5,
      6.5,
      7.5,
      8.5,
      9.5,
      10.5,
      11.5,
      12.5,
      13.5,
      14.5,
      15.5
    ],
    "bin_end": [
      0.5,
      1.5,
      2.5,
      3.5,
      4.5,
      5.5,
      6.5,
      7.5,
      8.5,
      9.5,
      10.5,
      11.5,
      12.5,
      13.5,
      14.5,
      15.5,
      16.5
    ],
    "winners_density": [
      0.02,
      0.055,
      0.08,
      0.125,
      0.145,
      0.16,
      0.145,
      0.155,
      0.065,
      0.03,
      0.015,
      0.0,
      0.005,
      0.0,
      0.0,
      0.0,
      0.0
    ],
    "non_winners_density": [
      0.006836734693877551,
      0.01989795918367347,
      0.0323469387755102,
      0.060408163265306125,
      0.08785714285714286,
      0.12071428571428572,
      0.14908163265306124,
      0.14714285714285713,
      0.12897959183673469,
      0.1,
      0.06846938775510204,
      0.040612244897959185,
      0.022755102040816325,
      0.00989795918367347,
      0.003673469387755102,
      0.001326530612244898,
      0.0
    ],
    "winners_count": [
      4,
      11,
      16,
      25,
      29,
      32,
      29,
      31,
      13,
      6,
      3,
      0,
      1,
      0,
      0,
      0,
      0
    ],
    "non_winners_count": [
      67,
      195,
      317,
      592,
      861,
      1183,
      1461,
      1442,
      1264,
      980,
      671,
      398,
      223,
      97,
      36,
      13,
      0
    ],
    "winners_mean": 4.925,
    "non_winners_mean": 6.681632653061224
  },
  "Sweet 16": {
    "bin_center": [
      0.0,
      1.0,
      2.0,
      3.0,
      4.0,
      5.0,
      6.0,
      7.0,
      8.0
    ],
    "bin_start": [
      -0.5,
      0.5,
      1.5,
      2.5,
      3.5,
      4.5,
      5.5,
      6.5,
      7.5
    ],
    "bin_end": [
      0.5,
      1.5,
      2.5,
      3.5,
      4.5,
      5.5,
      6.5,
      7.5,
      8.5
    ],
    "winners_density": [
      0.055,
      0.145,
      0.25,
      0.285,
      0.115,
      0.115,
      0.03,
      0.0,
      0.005
    ],
    "non_winners_density": [
      0.030918367346938775,
      0.08091836734693877,
      0.15081632653061225,
      0.20275510204081632,
      0.19969387755102042,
      0.16173469387755102,
      0.1063265306122449,
      0.052653061224489796,
      0.014183673469387755
    ],
    "winners_count": [
      11,
      29,
      50,
      57,
      23,
      23,
      6,
      0,
      1
    ],
    "non_winners_count": [
      303,
      793,
      1478,
      1987,
      1957,
      1585,
      1042,
      516,
      139
    ],
    "winners_mean": 2.755,
    "non_winners_mean": 3.718265306122449
  },
  "Elite 8": {
    "bin_center": [
      0.0,
      1.0,
      2.0,
      3.0,
      4.0
    ],
    "bin_start": [
      -0.5,
      0.5,
      1.5,
      2.5,
      3.5
    ],
    "bin_end": [
      0.5,
      1.5,
      2.5,
      3.5,
      4.5
    ],
    "winners_density": [
      0.095,
      0.265,
      0.355,
      0.25,
      0.035
    ],
    "non_winners_density": [
      0.05551020408163265,
      0.1733673469387755,
      0.3026530612244898,
      0.3028571428571429,
      0.16561224489795917
    ],
    "winners_count": [
      19,
      53,
      71,
      50,
      7
    ],
    "non_winners_count": [
      544,
      1699,
      2966,
      2968,
      1623
    ],
    "winners_mean": 1.865,
    "non_winners_mean": 2.3496938775510205
  },
  "Total Upsets": {
    "bin_center": [
      0.0,
      1.0,
      2.0,
      3.0,
      4.0,
      5.0,
      6.0,
      7.0,
      8.0,
      9.0,
      10.0,
      11.0,
      12.0,
      13.0,
      14.0,
      15.0,
      16.0,
      17.0,
      18.0,
      19.0,
      20.0,
      21.0,
      22.0,
      23.0,
      24.0,
      25.0,
      26.0,
      27.0,
      28.0,
      29.0,
      30.0,
      31.0,
      32.0,
      33.0,
      34.0,
      35.0,
      36.0,
      37.0,
      38.0,
      39.0,
      40.0,
      41.0,
      42.0,
      43.0,
      44.0,
      45.0,
      46.0,
      47.0,
      48.0,
      49.0,
      50.0,
      51.0
    ],