{
  "First Round": {
    "bin_center": [
      0.0,
      1.0,
      2.0,
      3.0,
      4.0,
      5.0,
      6.0,
      7.0,
      8.0,
      9.0,
      10.0,
      11.0,
      12.0,
      13.0,
      14.0,
      15.0,
      16.0,
      17.0,
      18.0,
      19.0,
      20.0,
      21.0,
      22.0,
      23.0,
      24.0,
      25.0,
      26.0,
      27.0,
      28.0,
      29.0,
      30.0,
      31.0,
      32.0
    ],
    "bin_start": [
      -0.5,
      0.5,
      1.5,
      2.5,
      3.5,
      4.5,
      5.5,
      6.5,
      7.5,
      8.5,
      9.5,
      10.5,
      11.5,
      12.5,
      13.5,
      14.5,
      15.5,
      16.5,
      17.5,
      18.5,
      19.5,
      20.5,
      21.5,
      22.5,
      23.5,
      24.5,
      25.5,
      26.5,
      27.5,
      28.5,
      29.5,
      30.5,
      31.5
    ],
    "bin_end": [
      0.5,
      1.5,
      2.5,
      3.5,
      4.5,
      5.5,
      6.5,
      7.5,
      8.5,
      9.5,
      10.5,
      11.5,
      12.5,
      13.5,
      14.5,
      15.5,
      16.5,
      17.5,
      18.5,
      19.5,
      20.5,
      21.5,
      22.5,
      23.5,
      24.5,
      25.5,
      26.5,
      27.5,
      28.5,
      29.5,
      30.5,
      31.5,
      32.5
    ],
    "winners_density": [
      0.01,
      0.015,
      0.035,
      0.045,
      0.06,
      0.1,
      0.105,
      0.135,
      0.1,
      0.09,
      0.075,
      0.07,
      0.09,
      0.035,
      0.025,
      0.005,
      0.005,
      0.0,
      0.0,
      0.0,
      0.0,
      0.0,
      0.0,
      0.0,
      0.0,
      0.0,
      0.0,
      0.0,
      0.0,
      0.0,
      0.0,
      0.0,
      0.0
    ],
    "non_winners_density": [
      0.005204081632653061,
      0.010306122448979592,
      0.012959183673469387,
      0.020612244897959184,
      0.03173469387755102,
      0.042755102040816326,
      0.059897959183673466,
      0.07653061224489796,
      0.09285714285714286,
      0.10418367346938776,
      0.11010204081632653,
      0.10591836734693877,
      0.09806122448979591,
      0.07826530612244897,
      0.059489795918367346,
      0.038469387755102044,
      0.02469387755102041,
      0.013571428571428571,
      0.007653061224489796,
      0.004081632653061225,
      0.0014285714285714286,
      0.0008163265306122449,
      0.00020408163265306123,
      0.00020408163265306123,
      0.0,
      0.0,
      0.0,
      0.0,
      0.0,
      0.0,
      0.0,
      0.0,
      0.0
    ],
    "winners_count": [
      2,
      3,
      7,
      9,
      12,
      20,
      21,
      27,
      20,
      18,
      15,
      14,
      18,
      7,
      5,
      1,
      1,
      0,
      0,
      0,
      0,
      0,
      0,
      0,
      0,
      0,
      0,
      0,
      0,
      0,
      0,
      0,
      0
    ],
    "non_winners_count": [
      51,
      101,
      127,
      202,
      311,
      419,
      587,
      750,
      910,
      1021,
      1079,
      1038,
      961,
      767,
      583,
      377,
      242,
      133,
      75,
      40,
      14,
      8,
      2,
      2,
      0,
      0,
      0,
      0,
      0,
      0,
      0,
      0,
      0
    ],
    "winners_mean": 7.705,
    "non_winners_mean": 9.78061224489796
  },
  "Second Round": {
    "bin_center": [
      0.0,
      1.0,
      2.0,
      3.0,
      4.0,
      5.0,
      6.0,
      7.0,
      8.0,
      9.0,
      10.0,
      11.0,
      12.0,
      13.0,
      14.0,
      15.0,
      16.0
    ],
    "bin_start": [
      -0.5,
      0.5,
      1.5,
      2.5,
      3.5,
      4.5,
      5.5,
      6.5,
      7.5,
      8.5,
      9.5,
      10.5,
      11.5,
      12.5,
      13.5,
      14.5,
      15.5
    ],
    "bin_end": [
      0.5,
      1.5,
      2.5,
      3.5,
      4.5,
      5.5,
      6.5,
      7.5,
      8.5,
      9.5,
      10.5,
      11.5,
      12.5,
      13.5,
      14.5,
      15.5,
      16.5
    ],
    "winners_density": [
      0.025,
      0.03,
      0.025,
      0.055,
      0.145,
      0.135,
      0.17,
      0.145,
      0.125,
      0.065,
      0.045,
      0.025,
      0.005,
      0.005,
      0.0,
      0.0,
      0.0
    ],
    "non_winners_density": [
      0.006224489795918367,
      0.015612244897959184,
      0.02142857142857143,
      0.03642857142857143,
      0.062040816326530614,
      0.08561224489795918,
      0.11887755102040816,
      0.14887755102040817,
      0.15142857142857144,
      0.12908163265306122,
      0.10357142857142858,
      0.0623469387755102,
      0.03683673469387755,
      0.015,
      0.005510204081632653,
      0.0011224489795918367,
      0.0
    ],
    "winners_count": [
      5,
      6,
      5,
      11,
      29,
      27,
      34,
      29,
      25,
      13,
      9,
      5,
      1,
      1,
      0,
      0,
      0
    ],
    "non_winners_count": [
      61,
      153,
      210,
      357,
      608,
      839,
      1165,
      1459,
      1484,
      1265,
      1015,
      611,
      361,
      147,
      54,
      11,
      0
    ],
    "winners_mean": 5.97,
    "non_winners_mean": 7.425102040816326
  },
  "Sweet 16": {
    "bin_center": [
      0.0,
      1.0,
      2.0,
      3.0,
      4.0,
      5.0,
      6.0,
      7.0,
      8.0
    ],
    "bin_start": [
      -0.5,
      0.5,
      1.5,
      2.5,
      3.5,
      4.5,
      5.5,
      6.5,
      7.5
    ],
    "bin_end": [
      0.5,
      1.5,
      2.5,
      3.5,
      4.5,
      5.5,
      6.5,
      7.5,
      8.5
    ],
    "winners_density": [
      0.03,
      0.1,
      0.185,
      0.27,
      0.185,
      0.14,
      0.055,
      0.025,
      0.01
    ],
    "non_winners_density": [
      0.02040816326530612,
      0.04857142857142857,
      0.1036734693877551,
      0.17775510204081632,
      0.22010204081632653,
      0.2039795918367347,
      0.13428571428571429,
      0.07255102040816326,
      0.0186734693877551
    ],
    "winners_count": [
      6,
      20,
      37,
      54,
      37,
      28,
      11,
      5,
      2
    ],
    "non_winners_count": [
      200,
      476,
      1016,
      1742,
      2157,
      1999,
      1316,
      711,
      183
    ],
    "winners_mean": 3.305,
    "non_winners_mean": 4.152448979591837
  },
  "Elite 8": {
    "bin_center": [
      0.0,
      1.0,
      2.0,
      3.0,
      4.0
    ],
    "bin_start": [
      -0.5,
      0.5,
      1.5,
      2.5,
      3.5
    ],
    "bin_end": [
      0.5,
      1.5,
      2.5,
      3.5,
      4.5
    ],
    "winners_density": [
      0.075,
      0.22,
      0.345,
      0.26,
      0.1
    ],
    "non_winners_density": [
      0.032755102040816324,
      0.1239795918367347,
      0.2702040816326531,
      0.35520408163265305,
      0.21785714285714286
    ],
    "winners_count": [
      15,
      44,
      69,
      52,
      20
    ],
    "non_winners_count": [
      321,
      1215,
      2648,
      3481,
      2135
    ],
    "winners_mean": 2.09,
    "non_winners_mean": 2.6014285714285714
  },
  "Total Upsets": {
    "bin_center": [
      0.0,
      1.0,
      2.0,
      3.0,
      4.0,
      5.0,
      6.0,
      7.0,
      8.0,
      9.0,
      10.0,
      11.0,
      12.0,
      13.0,
      14.0,
      15.0,
      16.0,
      17.0,
      18.0,
      19.0,
      20.0,
      21.0,
      22.0,
      23.0,
      24.0,
      25.0,
      26.0,
      27.0,
      28.0,
      29.0,
      30.0,
      31.0,
      32.0,
      33.0,
      34.0,
      35.0,
      36.0,
      37.0,
      38.0,
      39.0,
      40.0,
      41.0,
      42.0,
      43.0,
      44.0,
      45.0,
      46.0,
      47.0,
      48.0,
      49.0,
      50.0,
      51.0
    ],