{
  "First Round": {
    "bin_center": [
      0.0,
      1.0,
      2.0,
      3.0,
      4.0,
      5.0,
      6.0,
      7.0,
      8.0,
      9.0,
      10.0,
      11.0,
      12.0,
      13.0,
      14.0,
      15.0,
      16.0,
      17.0,
      18.0,
      19.0,
      20.0,
      21.0,
      22.0,
      23.0,
      24.0,
      25.0,
      26.0,
      27.0,
      28.0,
      29.0,
      30.0,
      31.0,
      32.0
    ],
    "bin_start": [
      -0.5,
      0.5,
      1.5,
      2.5,
      3.5,
      4.5,
      5.5,
      6.5,
      7.5,
      8.5,
      9.5,
      10.5,
      11.5,
      12.5,
      13.5,
      14.5,
      15.5,
      16.5,
      17.5,
      18.5,
      19.5,
      20.5,
      21.5,
      22.5,
      23.5,
      24.5,
      25.5,
      26.5,
      27.5,
      28.5,
      29.5,
      30.5,
      31.5
    ],
    "bin_end": [
      0.5,
      1.5,
      2.5,
      3.5,
      4.5,
      5.5,
      6.5,
      7.5,
      8.5,
      9.5,
      10.5,
      11.5,
      12.5,
      13.5,
      14.5,
      15.5,
      16.5,
      17.5,
      18.5,
      19.5,
      20.5,
      21.5,
      22.5,
      23.5,
      24.5,
      25.5,
      26.5,
      27.5,
      28.5,
      29.5,
      30.5,
      31.5,
      32.5
    ],
    "winners_density": [
      0.17,
      0.245,
      0.21,
      0.21,
      0.085,
      0.05,
      0.02,
      0.0,
      0.005,
      0.005,
      0.0,
      0.0,
      0.0,
      0.0,
      0.0,
      0.0,
      0.0,
      0.0,
      0.0,
      0.0,
      0.0,
      0.0,
      0.0,
      0.0,
      0.0,
      0.0,
      0.0,
      0.0,
      0.0,
      0.0,
      0.0,
      0.0,
      0.0
    ],
    "non_winners_density": [
      0.0022222222222222222,
      0.0044444444444444444,
      0.0077777777777777776,
      0.019444444444444445,
      0.02277777777777778,
      0.035,
      0.057777777777777775,
      0.07777777777777778,
      0.09444444444444444,
      0.10444444444444445,
      0.10111111111111111,
      0.12055555555555555,
      0.09111111111111111,
      0.07722222222222222,
      0.058333333333333334,
      0.04111111111111111,
      0.03222222222222222,
      0.02388888888888889,
      0.012777777777777779,
      0.006111111111111111,
      0.005,
      0.002777777777777778,
      0.0011111111111111111,
      0.0005555555555555556,
      0.0,
      0.0,
      0.0,
      0.0,
      0.0,
      0.0,
      0.0,
      0.0,
      0.0
    ],
    "winners_count": [
      34,
      49,
      42,
      42,
      17,
      10,
      4,
      0,
      1,
      1,
      0,
      0,
      0,
      0,
      0,
      0,
      0,
      0,
      0,
      0,
      0,
      0,
      0,
      0,
      0,
      0,
      0,
      0,
      0,
      0,
      0,
      0,
      0
    ],
    "non_winners_count": [
      4,
      8,
      14,
      35,
      41,
      63,
      104,
      140,
      170,
      188,
      182,
      217,
      164,
      139,
      105,
      74,
      58,
      43,
      23,
      11,
      9,
      5,
      2,
      1,
      0,
      0,
      0,
      0,
      0,
      0,
      0,
      0,
      0
    ],
    "winners_mean": 2.09,
    "non_winners_mean": 10.262222222222222
  },
  "Second Round": {
    "bin_center": [
      0.0,
      1.0,
      2.0,
      3.0,
      4.0,
      5.0,
      6.0,
      7.0,
      8.0,
      9.0,
      10.0,
      11.0,
      12.0,
      13.0,
      14.0,
      15.0,
      16.0
    ],
    "bin_start": [
      -0.5,
      0.5,
      1.5,
      2.5,
      3.5,
      4.5,
      5.5,
      6.5,
      7.5,
      8.5,
      9.5,
      10.5,
      11.5,
      12.5,
      13.5,
      14.5,
      15.5
    ],
    "bin_end": [
      0.5,
      1.5,
      2.5,
      3.5,
      4.5,
      5.5,
      6.5,
      7.5,
      8.5,
      9.5,
      10.5,
      11.5,
      12.5,
      13.5,
      14.5,
      15.5,
      16.5
    ],
    "winners_density": [
      0.155,
      0.27,
      0.28,
      0.175,
      0.065,
      0.04,
      0.01,
      0.005,
      0.0,
      0.0,
      0.0,
      0.0,
      0.0,
      0.0,
      0.0,
      0.0,
      0.0
    ],
    "non_winners_density": [
      0.0016666666666666668,
      0.005555555555555556,
      0.016666666666666666,
      0.029444444444444443,
      0.051111111111111114,
      0.08333333333333333,
      0.11666666666666667,
      0.13166666666666665,
      0.15388888888888888,
      0.1361111111111111,
      0.10777777777777778,
      0.07611111111111112,
      0.044444444444444446,
      0.030555555555555555,
      0.011666666666666667,
      0.002777777777777778,
      0.0005555555555555556
    ],
    "winners_count": [
      31,
      54,
      56,
      35,
      13,
      8,
      2,
      1,
      0,
      0,
      0,
      0,
      0,
      0,
      0,
      0,
      0
    ],
    "non_winners_count": [
      3,
      10,
      30,
      53,
      92,
      150,
      210,
      237,
      277,
      245,
      194,
      137,
      80,
      55,
      21,
      5,
      1
    ],
    "winners_mean": 1.91,
    "non_winners_mean": 7.885555555555555
  },
  "Sweet 16": {
    "bin_center": [
      0.0,
      1.0,
      2.0,
      3.0,
      4.0,
      5.0,
      6.0,
      7.0,
      8.0
    ],
    "bin_start": [
      -0.5,
      0.5,
      1.5,
      2.5,
      3.5,
      4.5,
      5.5,
      6.5,
      7.5
    ],
    "bin_end": [
      0.5,
      1.5,
      2.5,
      3.5,
      4.5,
      5.5,
      6.5,
      7.5,
      8.5
    ],
    "winners_density": [
      0.28,
      0.44,
      0.21,
      0.055,
      0.015,
      0.0,
      0.0,
      0.0,
      0.0
    ],
    "non_winners_density": [
      0.008333333333333333,
      0.03611111111111111,
      0.08944444444444444,
      0.16833333333333333,
      0.22277777777777777,
      0.195,
      0.145,
      0.10055555555555555,
      0.034444444444444444
    ],
    "winners_count": [
      56,
      88,
      42,
      11,
      3,
      0,
      0,
      0,
      0
    ],
    "non_winners_count": [
      15,
      65,
      161,
      303,
      401,
      351,
      261,
      181,
      62
    ],
    "winners_mean": 1.085,
    "non_winners_mean": 4.435555555555555
  },
  "Elite 8": {
    "bin_center": [
      0.0,
      1.0,
      2.0,
      3.0,
      4.0
    ],
    "bin_start": [
      -0.5,
      0.5,
      1.5,
      2.5,
      3.5
    ],
    "bin_end": [
      0.5,
      1.5,
      2.5,
      3.5,
      4.5
    ],
    "winners_density": [
      0.415,
      0.4,
      0.135,
      0.045,
      0.005
    ],
    "non_winners_density": [
      0.016666666666666666,
      0.09888888888888889,
      0.2811111111111111,
      0.3461111111111111,
      0.25722222222222224
    ],
    "winners_count": [
      83,
      80,
      27,
      9,
      1
    ],
    "non_winners_count": [
      30,
      178,
      506,
      623,
      463
    ],
    "winners_mean": 0.825,
    "non_winners_mean": 2.7283333333333335
  },
  "Total Upsets": {
    "bin_center": [
      0.0,
      1.0,
      2.0,
      3.0,
      4.0,
      5.0,
      6.0,
      7.0,
      8.0,
      9.0,
      10.0,
      11.0,
      12.0,
      13.0,
      14.0,
      15.0,
      16.0,
      17.0,
      18.0,
      19.0,
      20.0,
      21.0,
      22.0,
      23.0,
      24.0,
      25.0,
      26.0,
      27.0,
      28.0,
      29.0,
      30.0,
      31.0,
      32.0,
      33.0,
      34.0,
      35.0,
      36.0,
      37.0,
      38.0,
      39.0,
      40.0,
      41.0,
      42.0,
      43.0,
      44.0,
      45.0,
      46.0,
      47.0,
      48.0,
      49.0,
      50.0
    ],