{
  "First Round": {
    "bin_center": [
      0.0,
      1.0,
      2.0,
      3.0,
      4.0,
      5.0,
      6.0,
      7.0,
      8.0,
      9.0,
      10.0,
      11.0,
      12.0,
      13.0,
      14.0,
      15.0,
      16.0,
      17.0,
      18.0,
      19.0,
      20.0,
      21.0,
      22.0,
      23.0,
      24.0,
      25.0,
      26.0,
      27.0,
      28.0,
      29.0,
      30.0,
      31.0,
      32.0
    ],
    "bin_start": [
      -0.5,
      0.5,
      1.5,
      2.5,
      3.5,
      4.5,
      5.5,
      6.5,
      7.5,
      8.5,
      9.5,
      10.5,
      11.5,
      12.5,
      13.5,
      14.5,
      15.5,
      16.5,
      17.5,
      18.5,
      19.5,
      20.5,
      21.5,
      22.5,
      23.5,
      24.5,
      25.5,
      26.5,
      27.5,
      28.5,
      29.5,
      30.5,
      31.5
    ],
    "bin_end": [
      0.5,
      1.5,
      2.5,
      3.5,
      4.5,
      5.5,
      6.5,
      7.5,
      8.5,
      9.5,
      10.5,
      11.5,
      12.5,
      13.5,
      14.5,
      15.5,
      16.5,
      17.5,
      18.5,
      19.5,
      20.5,
      21.5,
      22.5,
      23.5,
      24.5,
      25.5,
      26.5,
      27.5,
      28.5,
      29.5,
      30.5,
      31.5,
      32.5
    ],
    "winners_density": [
      0.005,
      0.0,
      0.01,
      0.035,
      0.04,
      0.08,
      0.095,
      0.115,
      0.13,
      0.1,
      0.155,
      0.06,
      0.045,
      0.06,
      0.05,
      0.01,
      0.005,
      0.005,
      0.0,
      0.0,
      0.0,
      0.0,
      0.0,
      0.0,
      0.0,
      0.0,
      0.0,
      0.0,
      0.0,
      0.0,
      0.0,
      0.0,
      0.0
    ],
    "non_winners_density": [
      0.0038888888888888888,
      0.007676767676767677,
      0.014141414141414142,
      0.020202020202020204,
      0.032878787878787875,
      0.04494949494949495,
      0.06404040404040404,
      0.08419191919191919,
      0.09616161616161616,
      0.11161616161616161,
      0.11601010101010101,
      0.10813131313131313,
      0.09419191919191919,
      0.07025252525252525,
      0.05106060606060606,
      0.033434343434343435,
      0.021464646464646464,
      0.013333333333333334,
      0.006616161616161616,
      0.00393939393939394,
      0.0009595959595959596,
      0.00045454545454545455,
      0.00020202020202020202,
      0.00015151515151515152,
      5.0505050505050505e-05,
      0.0,
      0.0,
      0.0,
      0.0,
      0.0,
      0.0,
      0.0,
      0.0
    ],
    "winners_count": [
      1,
      0,
      2,
      7,
      8,
      16,
      19,
      23,
      26,
      20,
      31,
      12,
      9,
      12,
      10,
      2,
      1,
      1,
      0,
      0,
      0,
      0,
      0,
      0,
      0,
      0,
      0,
      0,
      0,
      0,
      0,
      0,
      0
    ],
    "non_winners_count": [
      77,
      152,
      280,
      400,
      651,
      890,
      1268,
      1667,
      1904,
      2210,
      2297,
      2141,
      1865,
      1391,
      1011,
      662,
      425,
      264,
      131,
      78,
      19,
      9,
      4,
      3,
      1,
      0,
      0,
      0,
      0,
      0,
      0,
      0,
      0
    ],
    "winners_mean": 8.545,
    "non_winners_mean": 9.611666666666666
  },
  "Second Round": {
    "bin_center": [
      0.0,
      1.0,
      2.0,
      3.0,
      4.0,
      5.0,
      6.0,
      7.0,
      8.0,
      9.0,
      10.0,
      11.0,
      12.0,
      13.0,
      14.0,
      15.0,
      16.0
    ],
    "bin_start": [
      -0.5,
      0.5,
      1.5,
      2.5,
      3.5,
      4.5,
      5.5,
      6.5,
      7.5,
      8.5,
      9.5,
      10.5,
      11.5,
      12.5,
      13.5,
      14.5,
      15.5
    ],
    "bin_end": [
      0.5,
      1.5,
      2.5,
      3.5,
      4.5,
      5.5,
      6.5,
      7.5,
      8.5,
      9.5,
      10.5,
      11.5,
      12.5,
      13.5,
      14.5,
      15.5,
      16.5
    ],
    "winners_density": [
      0.0,
      0.005,
      0.02,
      0.045,
      0.095,
      0.125,
      0.175,
      0.195,
      0.145,
      0.095,
      0.055,
      0.035,
      0.005,
      0.005,
      0.0,
      0.0,
      0.0
    ],
    "non_winners_density": [
      0.004090909090909091,
      0.01,
      0.01818181818181818,
      0.03792929292929293,
      0.06383838383838383,
      0.09681818181818182,
      0.128989898989899,
      0.1486868686868687,
      0.14994949494949494,
      0.12555555555555556,
      0.09772727272727273,
      0.06373737373737373,
      0.03409090909090909,
      0.014343434343434344,
      0.005,
      0.0009090909090909091,
      0.00015151515151515152
    ],
    "winners_count": [
      0,
      1,
      4,
      9,
      19,
      25,
      35,
      39,
      29,
      19,
      11,
      7,
      1,
      1,
      0,
      0,
      0
    ],
    "non_winners_count": [
      81,
      198,
      360,
      751,
      1264,
      1917,
      2554,
      2944,
      2969,
      2486,
      1935,
      1262,
      675,
      284,
      99,
      18,
      3
    ],
    "winners_mean": 6.675,
    "non_winners_mean": 7.403939393939394
  },
  "Sweet 16": {
    "bin_center": [
      0.0,
      1.0,
      2.0,
      3.0,
      4.0,
      5.0,
      6.0,
      7.0,
      8.0
    ],
    "bin_start": [
      -0.5,
      0.5,
      1.5,
      2.5,
      3.5,
      4.5,
      5.5,
      6.5,
      7.5
    ],
    "bin_end": [
      0.5,
      1.5,
      2.5,
      3.5,
      4.5,
      5.5,
      6.5,
      7.5,
      8.5
    ],
    "winners_density": [
      0.015,
      0.075,
      0.175,
      0.235,
      0.275,
      0.135,
      0.065,
      0.02,
      0.005
    ],
    "non_winners_density": [
      0.016464646464646463,
      0.04868686868686869,
      0.11055555555555556,
      0.18181818181818182,
      0.21732323232323233,
      0.19343434343434343,
      0.1409090909090909,
      0.07196969696969698,
      0.018838383838383838
    ],
    "winners_count": [
      3,
      15,
      35,
      47,
      55,
      27,
      13,
      4,
      1
    ],
    "non_winners_count": [
      326,
      964,
      2189,
      3600,
      4303,
      3830,
      2790,
      1425,
      373
    ],
    "winners_mean": 3.475,
    "non_winners_mean": 4.151666666666666
  },
  "Elite 8": {
    "bin_center": [
      0.0,
      1.0,
      2.0,
      3.0,
      4.0
    ],
    "bin_start": [
      -0.5,
      0.5,
      1.5,
      2.5,
      3.5
    ],
    "bin_end": [
      0.5,
      1.5,
      2.5,
      3.5,
      4.5
    ],
    "winners_density": [
      0.04,
      0.19,
      0.29,
      0.32,
      0.16
    ],
    "non_winners_density": [
      0.030707070707070707,
      0.12176767676767676,
      0.2820707070707071,
      0.35787878787878785,
      0.20757575757575758
    ],
    "winners_count": [
      8,
      38,
      58,
      64,
      32
    ],
    "non_winners_count": [
      608,
      2411,
      5585,
      7086,
      4110
    ],
    "winners_mean": 2.37,
    "non_winners_mean": 2.589848484848485
  },
  "Total Upsets": {
    "bin_center": [
      0.0,
      1.0,
      2.0,
      3.0,
      4.0,
      5.0,
      6.0,
      7.0,
      8.0,
      9.0,
      10.0,
      11.0,
      12.0,
      13.0,
      14.0,
      15.0,
      16.0,
      17.0,
      18.0,
      19.0,
      20.0,
      21.0,
      22.0,
      23.0,
      24.0,
      25.0,
      26.0,
      27.0,
      28.0,
      29.0,
      30.0,
      31.0,
      32.0,
      33.0,
      34.0,
      35.0,
      36.0,
      37.0,
      38.0,
      39.0,
      40.0,
      41.0,
      42.0,
      43.0,
      44.0,
      45.0,
      46.0,
      47.0,
      48.0,
      49.0,
      50.0,
      51.0,
      52.0,
      53.0,
      54.0,
      55.0
    ],