{
  "First Round": {
    "bin_center": [
      0.0,
      1.0,
      2.0,
      3.0,
      4.0,
      5.0,
      6.0,
      7.0,
      8.0,
      9.0,
      10.0,
      11.0,
      12.0,
      13.0,
      14.0,
      15.0,
      16.0,
      17.0,
      18.0,
      19.0,
      20.0,
      21.0,
      22.0,
      23.0,
      24.0,
      25.0,
      26.0,
      27.0,
      28.0,
      29.0,
      30.0,
      31.0,
      32.0
    ],
    "bin_start": [
      -0.5,
      0.5,
      1.5,
      2.5,
      3.5,
      4.5,
      5.5,
      6.5,
      7.5,
      8.5,
      9.5,
      10.5,
      11.5,
      12.5,
      13.5,
      14.5,
      15.5,
      16.5,
      17.5,
      18.5,
      19.5,
      20.5,
      21.5,
      22.5,
      23.5,
      24.5,
      25.5,
      26.5,
      27.5,
      28.5,
      29.5,
      30.5,
      31.5
    ],
    "bin_end": [
      0.5,
      1.5,
      2.5,
      3.5,
      4.5,
      5.5,
      6.5,
      7.5,
      8.5,
      9.5,
      10.5,
      11.5,
      12.5,
      13.5,
      14.5,
      15.5,
      16.5,
      17.5,
      18.5,
      19.5,
      20.5,
      21.5,
      22.5,
      23.5,
      24.5,
      25.5,
      26.5,
      27.5,
      28.5,
      29.5,
      30.5,
      31.5,
      32.5
    ],
    "winners_density": [
      0.0,
      0.0,
      0.005,
      0.02,
      0.015,
      0.055,
      0.08,
      0.11,
      0.115,
      0.145,
      0.095,
      0.135,
      0.085,
      0.045,
      0.045,
      0.02,
      0.02,
      0.01,
      0.0,
      0.0,
      0.0,
      0.0,
      0.0,
      0.0,
      0.0,
      0.0,
      0.0,
      0.0,
      0.0,
      0.0,
      0.0,
      0.0,
      0.0
    ],
    "non_winners_density": [
      0.0031313131313131315,
      0.006313131313131313,
      0.012121212121212121,
      0.019646464646464648,
      0.03272727272727273,
      0.04505050505050505,
      0.06222222222222222,
      0.08126262626262626,
      0.09575757575757576,
      0.11318181818181818,
      0.11126262626262626,
      0.10883838383838383,
      0.09232323232323232,
      0.07535353535353535,
      0.054292929292929296,
      0.03833333333333333,
      0.02282828282828283,
      0.013888888888888888,
      0.006212121212121212,
      0.00297979797979798,
      0.0014141414141414141,
      0.0006565656565656566,
      5.0505050505050505e-05,
      0.00010101010101010101,
      5.0505050505050505e-05,
      0.0,
      0.0,
      0.0,
      0.0,
      0.0,
      0.0,
      0.0,
      0.0
    ],
    "winners_count": [
      0,
      0,
      1,
      4,
      3,
      11,
      16,
      22,
      23,
      29,
      19,
      27,
      17,
      9,
      9,
      4,
      4,
      2,
      0,
      0,
      0,
      0,
      0,
      0,
      0,
      0,
      0,
      0,
      0,
      0,
      0,
      0,
      0
    ],
    "non_winners_count": [
      62,
      125,
      240,
      389,
      648,
      892,
      1232,
      1609,
      1896,
      2241,
      2203,
      2155,
      1828,
      1492,
      1075,
      759,
      452,
      275,
      123,
      59,
      28,
      13,
      1,
      2,
      1,
      0,
      0,
      0,
      0,
      0,
      0,
      0,
      0
    ],
    "winners_mean": 9.34,
    "non_winners_mean": 9.721464646464646
  },
  "Second Round": {
    "bin_center": [
      0.0,
      1.0,
      2.0,
      3.0,
      4.0,
      5.0,
      6.0,
      7.0,
      8.0,
      9.0,
      10.0,
      11.0,
      12.0,
      13.0,
      14.0,
      15.0,
      16.0
    ],
    "bin_start": [
      -0.5,
      0.5,
      1.5,
      2.5,
      3.5,
      4.5,
      5.5,
      6.5,
      7.5,
      8.5,
      9.5,
      10.5,
      11.5,
      12.5,
      13.5,
      14.5,
      15.5
    ],
    "bin_end": [
      0.5,
      1.5,
      2.5,
      3.5,
      4.5,
      5.5,
      6.5,
      7.5,
      8.5,
      9.5,
      10.5,
      11.5,
      12.5,
      13.5,
      14.5,
      15.5,
      16.5
    ],
    "winners_density": [
      0.0,
      0.005,
      0.015,
      0.025,
      0.06,
      0.145,
      0.15,
      0.18,
      0.18,
      0.14,
      0.065,
      0.03,
      0.0,
      0.005,
      0.0,
      0.0,
      0.0
    ],
    "non_winners_density": [
      0.0034848484848484847,
      0.00994949494949495,
      0.02025252525252525,
      0.03419191919191919,
      0.058383838383838385,
      0.09702020202020202,
      0.125,
      0.1435858585858586,
      0.15035353535353535,
      0.13752525252525252,
      0.09944444444444445,
      0.06328282828282829,
      0.03515151515151515,
      0.01585858585858586,
      0.005404040404040404,
      0.0010606060606060607,
      5.0505050505050505e-05
    ],
    "winners_count": [
      0,
      1,
      3,
      5,
      12,
      29,
      30,
      36,
      36,
      28,
      13,
      6,
      0,
      1,
      0,
      0,
      0
    ],
    "non_winners_count": [
      69,
      197,
      401,
      677,
      1156,
      1921,
      2475,
      2843,
      2977,
      2723,
      1969,
      1253,
      696,
      314,
      107,
      21,
      1
    ],
    "winners_mean": 6.98,
    "non_winners_mean": 7.478232323232323
  },
  "Sweet 16": {
    "bin_center": [
      0.0,
      1.0,
      2.0,
      3.0,
      4.0,
      5.0,
      6.0,
      7.0,
      8.0
    ],
    "bin_start": [
      -0.5,
      0.5,
      1.5,
      2.5,
      3.5,
      4.5,
      5.5,
      6.5,
      7.5
    ],
    "bin_end": [
      0.5,
      1.5,
      2.5,
      3.5,
      4.5,
      5.5,
      6.5,
      7.5,
      8.5
    ],
    "winners_density": [
      0.005,
      0.025,
      0.14,
      0.295,
      0.275,
      0.19,
      0.06,
      0.01,
      0.0
    ],
    "non_winners_density": [
      0.014595959595959596,
      0.04904040404040404,
      0.11171717171717171,
      0.17676767676767677,
      0.21631313131313132,
      0.20196969696969697,
      0.14126262626262626,
      0.07055555555555555,
      0.017777777777777778
    ],
    "winners_count": [
      1,
      5,
      28,
      59,
      55,
      38,
      12,
      2,
      0
    ],
    "non_winners_count": [
      289,
      971,
      2212,
      3500,
      4283,
      3999,
      2797,
      1397,
      352
    ],
    "winners_mean": 3.67,
    "non_winners_mean": 4.1615656565656565
  },
  "Elite 8": {
    "bin_center": [
      0.0,
      1.0,
      2.0,
      3.0,
      4.0
    ],
    "bin_start": [
      -0.5,
      0.5,
      1.5,
      2.5,
      3.5
    ],
    "bin_end": [
      0.5,
      1.5,
      2.5,
      3.5,
      4.5
    ],
    "winners_density": [
      0.02,
      0.17,
      0.355,
      0.31,
      0.145
    ],
    "non_winners_density": [
      0.02792929292929293,
      0.11974747474747474,
      0.2816161616161616,
      0.3605050505050505,
      0.2102020202020202
    ],
    "winners_count": [
      4,
      34,
      71,
      62,
      29
    ],
    "non_winners_count": [
      553,
      2371,
      5576,
      7138,
      4162
    ],
    "winners_mean": 2.39,
    "non_winners_mean": 2.6053030303030305
  },
  "Total Upsets": {
    "bin_center": [
      0.0,
      1.0,
      2.0,
      3.0,
      4.0,
      5.0,
      6.0,
      7.0,
      8.0,
      9.0,
      10.0,
      11.0,
      12.0,
      13.0,
      14.0,
      15.0,
      16.0,
      17.0,
      18.0,
      19.0,
      20.0,
      21.0,
      22.0,
      23.0,
      24.0,
      25.0,
      26.0,
      27.0,
      28.0,
      29.0,
      30.0,
      31.0,
      32.0,
      33.0,
      34.0,
      35.0,
      36.0,
      37.0,
      38.0,
      39.0,
      40.0,
      41.0,
      42.0,
      43.0,
      44.0,
      45.0,
      46.0,
      47.0,
      48.0,
      49.0,
      50.0,
      51.0,
      52.0
    ],