round,winning_avg_upsets,non_winning_avg_upsets,difference,p_value,significant,effect_size,effect_magnitude
First Round,8.545,9.611666666666666,-1.0666666666666664,2.139455599493305e-05,True,-0.32086201246930446,Small
Second Round,6.675,7.403939393939394,-0.7289393939393944,8.055285396014953e-05,True,-0.30406158202384137,Small
Sweet 16,3.475,4.151666666666666,-0.6766666666666663,3.932248544731911e-08,True,-0.418116250393319,Small
Elite 8,2.37,2.589848484848485,-0.21984848484848474,0.0029938146252040023,True,-0.206909620985133,Small
Final Four,0.94,1.1177272727272727,-0.17772727272727273,0.0007044841893168516,True,-0.23741618356239522,Small
Championship,0.375,0.4807070707070707,-0.1057070707070707,0.0029063664695581515,True,-0.21487956025202498,Small
Total,22.38,25.355555555555554,-2.9755555555555553,2.5437997397973653e-07,True,-0.3944825144547739,Small
